{
    "name": "root",
    "gauges": {
        "ReachTarget.Policy.Entropy.mean": {
            "value": 0.5549628734588623,
            "min": 0.5549628734588623,
            "max": 0.6369423270225525,
            "count": 27
        },
        "ReachTarget.Policy.Entropy.sum": {
            "value": 5531.8701171875,
            "min": 4708.27783203125,
            "max": 6333.90234375,
            "count": 27
        },
        "ReachTarget.Environment.EpisodeLength.mean": {
            "value": 174.53571428571428,
            "min": 158.48387096774192,
            "max": 181.67924528301887,
            "count": 27
        },
        "ReachTarget.Environment.EpisodeLength.sum": {
            "value": 9774.0,
            "min": 5380.0,
            "max": 10853.0,
            "count": 27
        },
        "ReachTarget.Step.mean": {
            "value": 2069950.0,
            "min": 1809946.0,
            "max": 2069950.0,
            "count": 27
        },
        "ReachTarget.Step.sum": {
            "value": 2069950.0,
            "min": 1809946.0,
            "max": 2069950.0,
            "count": 27
        },
        "ReachTarget.Policy.ExtrinsicValueEstimate.mean": {
            "value": -0.29043152928352356,
            "min": -0.29043152928352356,
            "max": 1.0959957838058472,
            "count": 27
        },
        "ReachTarget.Policy.ExtrinsicValueEstimate.sum": {
            "value": -57.50544357299805,
            "min": -57.50544357299805,
            "max": 198.05355834960938,
            "count": 27
        },
        "ReachTarget.Policy.GailValueEstimate.mean": {
            "value": 0.0005124433664605021,
            "min": -0.009556736797094345,
            "max": 0.0069620925933122635,
            "count": 27
        },
        "ReachTarget.Policy.GailValueEstimate.sum": {
            "value": 0.10146378725767136,
            "min": -1.9017906188964844,
            "max": 1.4063427448272705,
            "count": 27
        },
        "ReachTarget.Environment.CumulativeReward.mean": {
            "value": -0.26676792797765564,
            "min": -0.40233969779790574,
            "max": -0.053120753824197016,
            "count": 27
        },
        "ReachTarget.Environment.CumulativeReward.sum": {
            "value": -14.939003966748714,
            "min": -24.108004204928875,
            "max": -3.0810037218034267,
            "count": 27
        },
        "ReachTarget.Policy.ExtrinsicReward.mean": {
            "value": -0.26676792797765564,
            "min": -0.40233969779790574,
            "max": -0.053120753824197016,
            "count": 27
        },
        "ReachTarget.Policy.ExtrinsicReward.sum": {
            "value": -14.939003966748714,
            "min": -24.108004204928875,
            "max": -3.0810037218034267,
            "count": 27
        },
        "ReachTarget.Policy.GailReward.mean": {
            "value": 0.0,
            "min": 0.0,
            "max": 0.0,
            "count": 27
        },
        "ReachTarget.Policy.GailReward.sum": {
            "value": 0.0,
            "min": 0.0,
            "max": 0.0,
            "count": 27
        },
        "ReachTarget.IsTraining.mean": {
            "value": 1.0,
            "min": 1.0,
            "max": 1.0,
            "count": 27
        },
        "ReachTarget.IsTraining.sum": {
            "value": 1.0,
            "min": 1.0,
            "max": 1.0,
            "count": 27
        },
        "ReachTarget.Losses.PolicyLoss.mean": {
            "value": 0.05071329083754487,
            "min": 0.041717975051809235,
            "max": 0.05656433356537794,
            "count": 25
        },
        "ReachTarget.Losses.PolicyLoss.sum": {
            "value": 0.05071329083754487,
            "min": 0.041717975051809235,
            "max": 0.05656433356537794,
            "count": 25
        },
        "ReachTarget.Losses.ValueLoss.mean": {
            "value": 0.04666581988955538,
            "min": 0.004183637521540125,
            "max": 0.06742152298490206,
            "count": 25
        },
        "ReachTarget.Losses.ValueLoss.sum": {
            "value": 0.04666581988955538,
            "min": 0.004183637521540125,
            "max": 0.06742152298490206,
            "count": 25
        },
        "ReachTarget.Policy.LearningRate.mean": {
            "value": 0.0002876332061222659,
            "min": 0.0002876332061222659,
            "max": 0.00028911355562881604,
            "count": 25
        },
        "ReachTarget.Policy.LearningRate.sum": {
            "value": 0.0002876332061222659,
            "min": 0.0002876332061222659,
            "max": 0.00028911355562881604,
            "count": 25
        },
        "ReachTarget.Policy.Epsilon.mean": {
            "value": 0.19587773400000005,
            "min": 0.19587773400000005,
            "max": 0.19637118400000006,
            "count": 25
        },
        "ReachTarget.Policy.Epsilon.sum": {
            "value": 0.19587773400000005,
            "min": 0.19587773400000005,
            "max": 0.19637118400000006,
            "count": 25
        },
        "ReachTarget.Policy.Beta.mean": {
            "value": 0.004794298926600001,
            "min": 0.004794298926600001,
            "max": 0.004818922081599999,
            "count": 25
        },
        "ReachTarget.Policy.Beta.sum": {
            "value": 0.004794298926600001,
            "min": 0.004794298926600001,
            "max": 0.004818922081599999,
            "count": 25
        },
        "ReachTarget.Policy.GAILPolicyEstimate.mean": {
            "value": 0.2668853426973025,
            "min": 0.250803142786026,
            "max": 0.2969335585832596,
            "count": 25
        },
        "ReachTarget.Policy.GAILPolicyEstimate.sum": {
            "value": 0.2668853426973025,
            "min": 0.250803142786026,
            "max": 0.2969335585832596,
            "count": 25
        },
        "ReachTarget.Policy.GAILExpertEstimate.mean": {
            "value": 0.7592733398079872,
            "min": 0.7361895874142647,
            "max": 0.764842440187931,
            "count": 25
        },
        "ReachTarget.Policy.GAILExpertEstimate.sum": {
            "value": 0.7592733398079872,
            "min": 0.7361895874142647,
            "max": 0.764842440187931,
            "count": 25
        },
        "ReachTarget.Losses.GAILLoss.mean": {
            "value": 0.6553627848625183,
            "min": 0.6310269743204117,
            "max": 0.7371635943651199,
            "count": 25
        },
        "ReachTarget.Losses.GAILLoss.sum": {
            "value": 0.6553627848625183,
            "min": 0.6310269743204117,
            "max": 0.7371635943651199,
            "count": 25
        },
        "ReachTarget.Policy.GAILGradMagLoss.mean": {
            "value": 0.10556833790615201,
            "min": 0.10042769076923529,
            "max": 0.12205605568985144,
            "count": 25
        },
        "ReachTarget.Policy.GAILGradMagLoss.sum": {
            "value": 0.10556833790615201,
            "min": 0.10042769076923529,
            "max": 0.12205605568985144,
            "count": 25
        },
        "ReachTarget.Losses.PretrainingLoss.mean": {
            "value": 0.6576883031262292,
            "min": 0.6576883031262292,
            "max": 0.7230407628748152,
            "count": 25
        },
        "ReachTarget.Losses.PretrainingLoss.sum": {
            "value": 0.6576883031262292,
            "min": 0.6576883031262292,
            "max": 0.7230407628748152,
            "count": 25
        }
    },
    "metadata": {
        "timer_format_version": "0.1.0",
        "start_time_seconds": "1716489616",
        "python_version": "3.9.6 (default, Mar 29 2024, 10:51:09) \n[Clang 15.0.0 (clang-1500.3.9.4)]",
        "command_line_arguments": "/Users/oles/Unity Projects/ML Test/venv/bin/mlagents-learn config/mltest.yaml --run-id ml_test_4 --resume",
        "mlagents_version": "0.30.0",