{
    "name": "root",
    "gauges": {
        "ReachTarget.Policy.Entropy.mean": {
            "value": 1.0805535316467285,
            "min": 1.0805535316467285,
            "max": 2.1119234561920166,
            "count": 112
        },
        "ReachTarget.Policy.Entropy.sum": {
            "value": 10891.9794921875,
            "min": 10370.8310546875,
            "max": 23467.833984375,
            "count": 112
        },
        "ReachTarget.Environment.EpisodeLength.mean": {
            "value": 49.54922279792746,
            "min": 38.820408163265306,
            "max": 194.66666666666666,
            "count": 112
        },
        "ReachTarget.Environment.EpisodeLength.sum": {
            "value": 9563.0,
            "min": 5747.0,
            "max": 11096.0,
            "count": 112
        },
        "ReachTarget.Step.mean": {
            "value": 1119949.0,
            "min": 9965.0,
            "max": 1119949.0,
            "count": 112
        },
        "ReachTarget.Step.sum": {
            "value": 1119949.0,
            "min": 9965.0,
            "max": 1119949.0,
            "count": 112
        },
        "ReachTarget.Policy.ExtrinsicValueEstimate.mean": {
            "value": 0.01596697047352791,
            "min": -0.12482593208551407,
            "max": 0.02837451733648777,
            "count": 112
        },
        "ReachTarget.Policy.ExtrinsicValueEstimate.sum": {
            "value": 4.2312469482421875,
            "min": -26.088619232177734,
            "max": 7.178752899169922,
            "count": 112
        },
        "ReachTarget.Policy.GailValueEstimate.mean": {
            "value": 0.836270272731781,
            "min": -0.0643002837896347,
            "max": 1.9927221536636353,
            "count": 112
        },
        "ReachTarget.Policy.GailValueEstimate.sum": {
            "value": 221.6116180419922,
            "min": -13.438758850097656,
            "max": 412.1118469238281,
            "count": 112
        },
        "ReachTarget.Environment.CumulativeReward.mean": {
            "value": 0.13247422877814352,
            "min": 0.0,
            "max": 0.22256410324420683,
            "count": 112
        },
        "ReachTarget.Environment.CumulativeReward.sum": {
            "value": 25.700000382959843,
            "min": 0.0,
            "max": 43.400000132620335,
            "count": 112
        },
        "ReachTarget.Policy.ExtrinsicReward.mean": {
            "value": 0.13247422877814352,
            "min": 0.0,
            "max": 0.22256410324420683,
            "count": 112
        },
        "ReachTarget.Policy.ExtrinsicReward.sum": {
            "value": 25.700000382959843,
            "min": 0.0,
            "max": 43.400000132620335,
            "count": 112
        },
        "ReachTarget.Policy.GailReward.mean": {
            "value": 10.624917116880113,
            "min": 7.715699878595613,
            "max": 75.73701527406429,
            "count": 112
        },
        "ReachTarget.Policy.GailReward.sum": {
            "value": 2061.233920674742,
            "min": 1293.6422690749168,
            "max": 4392.746885895729,
            "count": 112
        },
        "ReachTarget.IsTraining.mean": {
            "value": 1.0,
            "min": 1.0,
            "max": 1.0,
            "count": 112
        },
        "ReachTarget.IsTraining.sum": {
            "value": 1.0,
            "min": 1.0,
            "max": 1.0,
            "count": 112
        },
        "ReachTarget.Losses.PolicyLoss.mean": {
            "value": 0.05530820534392357,
            "min": 0.03944286123178244,
            "max": 0.05788506833650899,
            "count": 108
        },
        "ReachTarget.Losses.PolicyLoss.sum": {
            "value": 0.05530820534392357,
            "min": 0.03944286123178244,
            "max": 0.05788506833650899,
            "count": 108
        },
        "ReachTarget.Losses.ValueLoss.mean": {
            "value": 0.04265938162182768,
            "min": 0.034194828538844986,
            "max": 0.16410931500122528,
            "count": 108
        },
        "ReachTarget.Losses.ValueLoss.sum": {
            "value": 0.04265938162182768,
            "min": 0.034194828538844986,
            "max": 0.16410931500122528,
            "count": 108
        },
        "ReachTarget.Policy.LearningRate.mean": {
            "value": 0.0002933261782246079,
            "min": 0.0002933261782246079,
            "max": 0.000299936754021082,
            "count": 108
        },
        "ReachTarget.Policy.LearningRate.sum": {
            "value": 0.0002933261782246079,
            "min": 0.0002933261782246079,
            "max": 0.000299936754021082,
            "count": 108
        },
        "ReachTarget.Policy.Epsilon.mean": {
            "value": 0.19777539200000002,
            "min": 0.19777539200000002,
            "max": 0.19997891800000003,
            "count": 108
        },
        "ReachTarget.Policy.Epsilon.sum": {
            "value": 0.19777539200000002,
            "min": 0.19777539200000002,
            "max": 0.19997891800000003,
            "count": 108
        },
        "ReachTarget.Policy.Beta.mean": {
            "value": 0.0048889920608,
            "min": 0.0048889920608,
            "max": 0.0049989480082,
            "count": 108
        },
        "ReachTarget.Policy.Beta.sum": {
            "value": 0.0048889920608,
            "min": 0.0048889920608,
            "max": 0.0049989480082,
            "count": 108
        },
        "ReachTarget.Policy.GAILPolicyEstimate.mean": {
            "value": 0.26756439407666527,
            "min": 0.21577980269988378,
            "max": 0.5274354587725507,
            "count": 108
        },
        "ReachTarget.Policy.GAILPolicyEstimate.sum": {
            "value": 0.26756439407666527,
            "min": 0.21577980269988378,
            "max": 0.5274354587725507,
            "count": 108
        },
        "ReachTarget.Policy.GAILExpertEstimate.mean": {
            "value": 0.7422338609894117,
            "min": 0.5133836586785511,
            "max": 0.7466101795434952,
            "count": 108
        },
        "ReachTarget.Policy.GAILExpertEstimate.sum": {
            "value": 0.7422338609894117,
            "min": 0.5133836586785511,
            "max": 0.7466101795434952,
            "count": 108
        },
        "ReachTarget.Losses.GAILLoss.mean": {
            "value": 0.7042678644259771,
            "min": 0.595089453458786,
            "max": 1.52715656330915,
            "count": 108
        },
        "ReachTarget.Losses.GAILLoss.sum": {
            "value": 0.7042678644259771,
            "min": 0.595089453458786,
            "max": 1.52715656330915,
            "count": 108
        },
        "ReachTarget.Policy.GAILGradMagLoss.mean": {
            "value": 0.056579751428216696,
            "min": 0.05274052199286719,
            "max": 4.067624983264179,
            "count": 108
        },
        "ReachTarget.Policy.GAILGradMagLoss.sum": {
            "value": 0.056579751428216696,
            "min": 0.05274052199286719,
            "max": 4.067624983264179,
            "count": 108
        },
        "ReachTarget.Losses.PretrainingLoss.mean": {
            "value": 10.549796563607675,
            "min": 10.46700707188359,
            "max": 23.941263763992875,
            "count": 108
        },
        "ReachTarget.Losses.PretrainingLoss.sum": {
            "value": 10.549796563607675,
            "min": 10.46700707188359,
            "max": 23.941263763992875,
            "count": 108
        }
    },
    "metadata": {
        "timer_format_version": "0.1.0",
        "start_time_seconds": "1716465225",
        "python_version": "3.9.6 (default, Mar 29 2024, 10:51:09) \n[Clang 15.0.0 (clang-1500.3.9.4)]",
        "command_line_arguments": "/Users/oles/Unity Projects/ML Test/venv/bin/mlagents-learn config/mltest.yaml --run-id ml_test_2",
        "mlagents_version": "0.30.0",
        "mlagents_envs_version": "0.30.0",